Designator,Mid X,Mid Y,Layer,Rotation
D1,0,0,top,60
D10,12.6,0,top,60
D100,8.4,-2.424871,top,60
D1000,40.6,-14.549226,top,60
D1001,39.2,-14.549226,top,60
D1002,37.8,-14.549226,top,60
D1003,36.4,-14.549226,top,60
D1004,35,-14.549226,top,60
D1005,33.6,-14.549226,top,60
D1006,32.2,-14.549226,top,60
D1007,30.8,-14.549226,top,60
D1008,29.4,-14.549226,top,60
D1009,28,-14.549226,top,60
D101,9.8,-2.424871,top,60
D1010,26.6,-14.549226,top,60
D1011,25.2,-14.549226,top,60
D1012,23.8,-14.549226,top,60
D1013,22.4,-14.549226,top,60
D1014,21,-14.549226,top,60
D1015,19.6,-14.549226,top,60
D1016,18.2,-14.549226,top,60
D1017,16.8,-14.549226,top,60
D1018,15.4,-14.549226,top,60
D1019,14,-14.549226,top,60
D102,11.2,-2.424871,top,60
D1020,12.6,-14.549226,top,60
D1021,11.2,-14.549226,top,60
D1022,9.8,-14.549226,top,60
D1023,8.4,-14.549226,top,60
D1024,7,-14.549226,top,60
D1025,5.6,-14.549226,top,60
D1026,4.2,-14.549226,top,60
D1027,2.8,-14.549226,top,60
D1028,1.4,-14.549226,top,60
D1029,0,-14.549226,top,60
D103,12.6,-2.424871,top,60
D1030,-1.4,-14.549226,top,60
D1031,-2.8,-14.549226,top,60
D1032,-4.2,-14.549226,top,60
D1033,-5.6,-14.549226,top,60
D1034,-7,-14.549226,top,60
D1035,-8.4,-14.549226,top,60
D1036,55.3,-13.336791,top,60
D1037,53.9,-13.336791,top,60
D1038,52.5,-13.336791,top,60
D1039,51.1,-13.336791,top,60
D104,14,-2.424871,top,60
D1040,49.7,-13.336791,top,60
D1041,48.3,-13.336791,top,60
D1042,46.9,-13.336791,top,60
D1043,45.5,-13.336791,top,60
D1044,44.1,-13.336791,top,60
D1045,42.7,-13.336791,top,60
D1046,41.3,-13.336791,top,60
D1047,39.9,-13.336791,top,60
D1048,38.5,-13.336791,top,60
D1049,37.1,-13.336791,top,60
D105,15.4,-2.424871,top,60
D1050,35.7,-13.336791,top,60
D1051,34.3,-13.336791,top,60
D1052,32.9,-13.336791,top,60
D1053,31.5,-13.336791,top,60
D1054,30.1,-13.336791,top,60
D1055,28.7,-13.336791,top,60
D1056,27.3,-13.336791,top,60
D1057,25.9,-13.336791,top,60
D1058,24.5,-13.336791,top,60
D1059,-16.1,-27.886018,top,60
D106,16.8,-2.424871,top,60
D1060,-14.7,-27.886018,top,60
D1061,-13.3,-27.886018,top,60
D1062,-11.9,-27.886018,top,60
D1063,-10.5,-27.886018,top,60
D1064,-9.1,-27.886018,top,60
D1065,-7.7,-27.886018,top,60
D1066,-6.3,-27.886018,top,60
D1067,-4.9,-27.886018,top,60
D1068,-3.5,-27.886018,top,60
D1069,-2.1,-27.886018,top,60
D107,18.2,-2.424871,top,60
D1070,-0.7,-27.886018,top,60
D1071,0.7,-27.886018,top,60
D1072,2.1,-27.886018,top,60
D1073,3.5,-27.886018,top,60
D1074,4.9,-27.886018,top,60
D1075,6.3,-27.886018,top,60
D1076,7.7,-27.886018,top,60
D1077,9.1,-27.886018,top,60
D1078,10.5,-27.886018,top,60
D1079,11.9,-27.886018,top,60
D108,19.6,-2.424871,top,60
D1080,13.3,-27.886018,top,60
D1081,14.7,-27.886018,top,60
D1082,16.1,-27.886018,top,60
D1083,17.5,-27.886018,top,60
D1084,18.9,-27.886018,top,60
D1085,20.3,-27.886018,top,60
D1086,21.7,-27.886018,top,60
D1087,23.1,-27.886018,top,60
D1088,24.5,-27.886018,top,60
D1089,25.9,-27.886018,top,60
D109,21,-2.424871,top,60
D1090,27.3,-27.886018,top,60
D1091,28.7,-27.886018,top,60
D1092,30.1,-27.886018,top,60
D1093,31.5,-27.886018,top,60
D1094,32.9,-27.886018,top,60
D1095,34.3,-27.886018,top,60
D1096,35.7,-27.886018,top,60
D1097,37.1,-27.886018,top,60
D1098,38.5,-27.886018,top,60
D1099,39.9,-27.886018,top,60
D11,14,0,top,60
D110,22.4,-2.424871,top,60
D1100,41.3,-27.886018,top,60
D1101,42.7,-27.886018,top,60
D1102,44.1,-27.886018,top,60
D1103,45.5,-27.886018,top,60
D1104,46.9,-27.886018,top,60
D1105,-16.8,-29.098453,top,60
D1106,-15.4,-29.098453,top,60
D1107,-14,-29.098453,top,60
D1108,-12.6,-29.098453,top,60
D1109,-11.2,-29.098453,top,60
D111,23.8,-2.424871,top,60
D1110,-9.8,-29.098453,top,60
D1111,-8.4,-29.098453,top,60
D1112,-7,-29.098453,top,60
D1113,-5.6,-29.098453,top,60
D1114,-4.2,-29.098453,top,60
D1115,-2.8,-29.098453,top,60
D1116,-1.4,-29.098453,top,60
D1117,0,-29.098453,top,60
D1118,1.4,-29.098453,top,60
D1119,2.8,-29.098453,top,60
D112,25.2,-2.424871,top,60
D1120,4.2,-29.098453,top,60
D1121,5.6,-29.098453,top,60
D1122,7,-29.098453,top,60
D1123,8.4,-29.098453,top,60
D1124,9.8,-29.098453,top,60
D1125,11.2,-29.098453,top,60
D1126,12.6,-29.098453,top,60
D1127,14,-29.098453,top,60
D1128,15.4,-29.098453,top,60
D1129,16.8,-29.098453,top,60
D113,26.6,-2.424871,top,60
D1130,18.2,-29.098453,top,60
D1131,19.6,-29.098453,top,60
D1132,21,-29.098453,top,60
D1133,22.4,-29.098453,top,60
D1134,23.8,-29.098453,top,60
D1135,25.2,-29.098453,top,60
D1136,26.6,-29.098453,top,60
D1137,28,-29.098453,top,60
D1138,29.4,-29.098453,top,60
D1139,30.8,-29.098453,top,60
D114,28,-2.424871,top,60
D1140,32.2,-29.098453,top,60
D1141,33.6,-29.098453,top,60
D1142,35,-29.098453,top,60
D1143,36.4,-29.098453,top,60
D1144,37.8,-29.098453,top,60
D1145,39.2,-29.098453,top,60
D1146,40.6,-29.098453,top,60
D1147,42,-29.098453,top,60
D1148,43.4,-29.098453,top,60
D1149,44.8,-29.098453,top,60
D115,29.4,-2.424871,top,60
D1150,46.2,-29.098453,top,60
D1151,-17.5,-30.310889,top,60
D1152,-16.1,-30.310889,top,60
D1153,-14.7,-30.310889,top,60
D1154,-13.3,-30.310889,top,60
D1155,-11.9,-30.310889,top,60
D1156,-10.5,-30.310889,top,60
D1157,-9.1,-30.310889,top,60
D1158,-7.7,-30.310889,top,60
D1159,-6.3,-30.310889,top,60
D116,30.8,-2.424871,top,60
D1160,-4.9,-30.310889,top,60
D1161,-3.5,-30.310889,top,60
D1162,-2.1,-30.310889,top,60
D1163,-0.7,-30.310889,top,60
D1164,0.7,-30.310889,top,60
D1165,2.1,-30.310889,top,60
D1166,3.5,-30.310889,top,60
D1167,4.9,-30.310889,top,60
D1168,6.3,-30.310889,top,60
D1169,7.7,-30.310889,top,60
D117,32.2,-2.424871,top,60
D1170,9.1,-30.310889,top,60
D1171,10.5,-30.310889,top,60
D1172,11.9,-30.310889,top,60
D1173,13.3,-30.310889,top,60
D1174,14.7,-30.310889,top,60
D1175,16.1,-30.310889,top,60
D1176,17.5,-30.310889,top,60
D1177,18.9,-30.310889,top,60
D1178,20.3,-30.310889,top,60
D1179,21.7,-30.310889,top,60
D118,33.6,-2.424871,top,60
D1180,23.1,-30.310889,top,60
D1181,24.5,-30.310889,top,60
D1182,25.9,-30.310889,top,60
D1183,27.3,-30.310889,top,60
D1184,28.7,-30.310889,top,60
D1185,30.1,-30.310889,top,60
D1186,31.5,-30.310889,top,60
D1187,32.9,-30.310889,top,60
D1188,34.3,-30.310889,top,60
D1189,35.7,-30.310889,top,60
D119,35,-2.424871,top,60
D1190,37.1,-30.310889,top,60
D1191,38.5,-30.310889,top,60
D1192,39.9,-30.310889,top,60
D1193,41.3,-30.310889,top,60
D1194,42.7,-30.310889,top,60
D1195,44.1,-30.310889,top,60
D1196,45.5,-30.310889,top,60
D1197,-18.2,-31.523324,top,60
D1198,-16.8,-31.523324,top,60
D1199,-15.4,-31.523324,top,60
D12,15.4,0,top,60
D120,36.4,-2.424871,top,60
D1200,-14,-31.523324,top,60
D1201,-12.6,-31.523324,top,60
D1202,-11.2,-31.523324,top,60
D1203,-9.8,-31.523324,top,60
D1204,-8.4,-31.523324,top,60
D1205,-7,-31.523324,top,60
D1206,-5.6,-31.523324,top,60
D1207,-4.2,-31.523324,top,60
D1208,-2.8,-31.523324,top,60
D1209,-1.4,-31.523324,top,60
D121,37.8,-2.424871,top,60
D1210,0,-31.523324,top,60
D1211,1.4,-31.523324,top,60
D1212,2.8,-31.523324,top,60
D1213,4.2,-31.523324,top,60
D1214,5.6,-31.523324,top,60
D1215,7,-31.523324,top,60
D1216,8.4,-31.523324,top,60
D1217,9.8,-31.523324,top,60
D1218,11.2,-31.523324,top,60
D1219,12.6,-31.523324,top,60
D122,39.2,-2.424871,top,60
D1220,14,-31.523324,top,60
D1221,15.4,-31.523324,top,60
D1222,16.8,-31.523324,top,60
D1223,18.2,-31.523324,top,60
D1224,19.6,-31.523324,top,60
D1225,21,-31.523324,top,60
D1226,22.4,-31.523324,top,60
D1227,23.8,-31.523324,top,60
D1228,25.2,-31.523324,top,60
D1229,26.6,-31.523324,top,60
D123,40.6,-2.424871,top,60
D1230,28,-31.523324,top,60
D1231,29.4,-31.523324,top,60
D1232,30.8,-31.523324,top,60
D1233,32.2,-31.523324,top,60
D1234,33.6,-31.523324,top,60
D1235,35,-31.523324,top,60
D1236,36.4,-31.523324,top,60
D1237,37.8,-31.523324,top,60
D1238,39.2,-31.523324,top,60
D1239,40.6,-31.523324,top,60
D124,42,-2.424871,top,60
D1240,42,-31.523324,top,60
D1241,43.4,-31.523324,top,60
D1242,44.8,-31.523324,top,60
D1243,-18.9,-32.73576,top,60
D1244,-17.5,-32.73576,top,60
D1245,-16.1,-32.73576,top,60
D1246,-14.7,-32.73576,top,60
D1247,-13.3,-32.73576,top,60
D1248,-11.9,-32.73576,top,60
D1249,-10.5,-32.73576,top,60
D125,43.4,-2.424871,top,60
D1250,-9.1,-32.73576,top,60
D1251,-7.7,-32.73576,top,60
D1252,-6.3,-32.73576,top,60
D1253,-4.9,-32.73576,top,60
D1254,-3.5,-32.73576,top,60
D1255,-2.1,-32.73576,top,60
D1256,-0.7,-32.73576,top,60
D1257,0.7,-32.73576,top,60
D1258,2.1,-32.73576,top,60
D1259,3.5,-32.73576,top,60
D126,44.8,-2.424871,top,60
D1260,4.9,-32.73576,top,60
D1261,6.3,-32.73576,top,60
D1262,7.7,-32.73576,top,60
D1263,9.1,-32.73576,top,60
D1264,10.5,-32.73576,top,60
D1265,11.9,-32.73576,top,60
D1266,13.3,-32.73576,top,60
D1267,14.7,-32.73576,top,60
D1268,16.1,-32.73576,top,60
D1269,17.5,-32.73576,top,60
D127,46.2,-2.424871,top,60
D1270,18.9,-32.73576,top,60
D1271,20.3,-32.73576,top,60
D1272,21.7,-32.73576,top,60
D1273,23.1,-32.73576,top,60
D1274,24.5,-32.73576,top,60
D1275,25.9,-32.73576,top,60
D1276,27.3,-32.73576,top,60
D1277,28.7,-32.73576,top,60
D1278,30.1,-32.73576,top,60
D1279,31.5,-32.73576,top,60
D128,47.6,-2.424871,top,60
D1280,32.9,-32.73576,top,60
D1281,34.3,-32.73576,top,60
D1282,35.7,-32.73576,top,60
D1283,37.1,-32.73576,top,60
D1284,38.5,-32.73576,top,60
D1285,39.9,-32.73576,top,60
D1286,41.3,-32.73576,top,60
D1287,42.7,-32.73576,top,60
D1288,44.1,-32.73576,top,60
D1289,-19.6,-33.948195,top,60
D129,49,-2.424871,top,60
D1290,-18.2,-33.948195,top,60
D1291,-16.8,-33.948195,top,60
D1292,-15.4,-33.948195,top,60
D1293,-14,-33.948195,top,60
D1294,-12.6,-33.948195,top,60
D1295,-11.2,-33.948195,top,60
D1296,-9.8,-33.948195,top,60
D1297,-8.4,-33.948195,top,60
D1298,-7,-33.948195,top,60
D1299,-5.6,-33.948195,top,60
D13,16.8,0,top,60
D130,50.4,-2.424871,top,60
D1300,-4.2,-33.948195,top,60
D1301,-2.8,-33.948195,top,60
D1302,-1.4,-33.948195,top,60
D1303,0,-33.948195,top,60
D1304,1.4,-33.948195,top,60
D1305,2.8,-33.948195,top,60
D1306,4.2,-33.948195,top,60
D1307,5.6,-33.948195,top,60
D1308,7,-33.948195,top,60
D1309,8.4,-33.948195,top,60
D131,51.8,-2.424871,top,60
D1310,9.8,-33.948195,top,60
D1311,11.2,-33.948195,top,60
D1312,12.6,-33.948195,top,60
D1313,14,-33.948195,top,60
D1314,15.4,-33.948195,top,60
D1315,16.8,-33.948195,top,60
D1316,18.2,-33.948195,top,60
D1317,19.6,-33.948195,top,60
D1318,21,-33.948195,top,60
D1319,22.4,-33.948195,top,60
D132,53.2,-2.424871,top,60
D1320,23.8,-33.948195,top,60
D1321,25.2,-33.948195,top,60
D1322,26.6,-33.948195,top,60
D1323,28,-33.948195,top,60
D1324,29.4,-33.948195,top,60
D1325,30.8,-33.948195,top,60
D1326,32.2,-33.948195,top,60
D1327,33.6,-33.948195,top,60
D1328,35,-33.948195,top,60
D1329,36.4,-33.948195,top,60
D133,54.6,-2.424871,top,60
D1330,37.8,-33.948195,top,60
D1331,39.2,-33.948195,top,60
D1332,40.6,-33.948195,top,60
D1333,42,-33.948195,top,60
D1334,43.4,-33.948195,top,60
D1335,-20.3,-35.160631,top,60
D1336,-18.9,-35.160631,top,60
D1337,-17.5,-35.160631,top,60
D1338,-16.1,-35.160631,top,60
D1339,-14.7,-35.160631,top,60
D134,56,-2.424871,top,60
D1340,-13.3,-35.160631,top,60
D1341,-11.9,-35.160631,top,60
D1342,-10.5,-35.160631,top,60
D1343,-9.1,-35.160631,top,60
D1344,-7.7,-35.160631,top,60
D1345,-6.3,-35.160631,top,60
D1346,-4.9,-35.160631,top,60
D1347,-3.5,-35.160631,top,60
D1348,-2.1,-35.160631,top,60
D1349,-0.7,-35.160631,top,60
D135,57.4,-2.424871,top,60
D1350,0.7,-35.160631,top,60
D1351,2.1,-35.160631,top,60
D1352,3.5,-35.160631,top,60
D1353,4.9,-35.160631,top,60
D1354,6.3,-35.160631,top,60
D1355,7.7,-35.160631,top,60
D1356,9.1,-35.160631,top,60
D1357,10.5,-35.160631,top,60
D1358,11.9,-35.160631,top,60
D1359,13.3,-35.160631,top,60
D136,58.8,-2.424871,top,60
D1360,14.7,-35.160631,top,60
D1361,16.1,-35.160631,top,60
D1362,17.5,-35.160631,top,60
D1363,18.9,-35.160631,top,60
D1364,20.3,-35.160631,top,60
D1365,21.7,-35.160631,top,60
D1366,23.1,-35.160631,top,60
D1367,24.5,-35.160631,top,60
D1368,25.9,-35.160631,top,60
D1369,27.3,-35.160631,top,60
D137,60.2,-2.424871,top,60
D1370,28.7,-35.160631,top,60
D1371,30.1,-35.160631,top,60
D1372,31.5,-35.160631,top,60
D1373,32.9,-35.160631,top,60
D1374,34.3,-35.160631,top,60
D1375,35.7,-35.160631,top,60
D1376,37.1,-35.160631,top,60
D1377,38.5,-35.160631,top,60
D1378,39.9,-35.160631,top,60
D1379,41.3,-35.160631,top,60
D138,61.6,-2.424871,top,60
D1380,42.7,-35.160631,top,60
D1381,-21,-36.373066,top,60
D1382,-19.6,-36.373066,top,60
D1383,-18.2,-36.373066,top,60
D1384,-16.8,-36.373066,top,60
D1385,-15.4,-36.373066,top,60
D1386,-14,-36.373066,top,60
D1387,-12.6,-36.373066,top,60
D1388,-11.2,-36.373066,top,60
D1389,-9.8,-36.373066,top,60
D139,-2.1,-3.637306,top,60
D1390,-8.4,-36.373066,top,60
D1391,-7,-36.373066,top,60
D1392,-5.6,-36.373066,top,60
D1393,-4.2,-36.373066,top,60
D1394,-2.8,-36.373066,top,60
D1395,-1.4,-36.373066,top,60
D1396,0,-36.373066,top,60
D1397,1.4,-36.373066,top,60
D1398,2.8,-36.373066,top,60
D1399,4.2,-36.373066,top,60
D14,18.2,0,top,60
D140,-0.7,-3.637306,top,60
D1400,5.6,-36.373066,top,60
D1401,7,-36.373066,top,60
D1402,8.4,-36.373066,top,60
D1403,9.8,-36.373066,top,60
D1404,11.2,-36.373066,top,60
D1405,12.6,-36.373066,top,60
D1406,14,-36.373066,top,60
D1407,15.4,-36.373066,top,60
D1408,16.8,-36.373066,top,60
D1409,18.2,-36.373066,top,60
D141,0.7,-3.637306,top,60
D1410,19.6,-36.373066,top,60
D1411,21,-36.373066,top,60
D1412,22.4,-36.373066,top,60
D1413,23.8,-36.373066,top,60
D1414,25.2,-36.373066,top,60
D1415,26.6,-36.373066,top,60
D1416,28,-36.373066,top,60
D1417,29.4,-36.373066,top,60
D1418,30.8,-36.373066,top,60
D1419,32.2,-36.373066,top,60
D142,2.1,-3.637306,top,60
D1420,33.6,-36.373066,top,60
D1421,35,-36.373066,top,60
D1422,36.4,-36.373066,top,60
D1423,37.8,-36.373066,top,60
D1424,39.2,-36.373066,top,60
D1425,40.6,-36.373066,top,60
D1426,42,-36.373066,top,60
D1427,-21.7,-37.585502,top,60
D1428,-20.3,-37.585502,top,60
D1429,-18.9,-37.585502,top,60
D143,3.5,-3.637306,top,60
D1430,-17.5,-37.585502,top,60
D1431,-16.1,-37.585502,top,60
D1432,-14.7,-37.585502,top,60
D1433,-13.3,-37.585502,top,60
D1434,-11.9,-37.585502,top,60
D1435,-10.5,-37.585502,top,60
D1436,-9.1,-37.585502,top,60
D1437,-7.7,-37.585502,top,60
D1438,-6.3,-37.585502,top,60
D1439,-4.9,-37.585502,top,60
D144,4.9,-3.637306,top,60
D1440,-3.5,-37.585502,top,60
D1441,-2.1,-37.585502,top,60
D1442,-0.7,-37.585502,top,60
D1443,0.7,-37.585502,top,60
D1444,2.1,-37.585502,top,60
D1445,3.5,-37.585502,top,60
D1446,4.9,-37.585502,top,60
D1447,6.3,-37.585502,top,60
D1448,7.7,-37.585502,top,60
D1449,9.1,-37.585502,top,60
D145,6.3,-3.637306,top,60
D1450,10.5,-37.585502,top,60
D1451,11.9,-37.585502,top,60
D1452,13.3,-37.585502,top,60
D1453,14.7,-37.585502,top,60
D1454,16.1,-37.585502,top,60
D1455,17.5,-37.585502,top,60
D1456,18.9,-37.585502,top,60
D1457,20.3,-37.585502,top,60
D1458,21.7,-37.585502,top,60
D1459,23.1,-37.585502,top,60
D146,7.7,-3.637306,top,60
D1460,24.5,-37.585502,top,60
D1461,25.9,-37.585502,top,60
D1462,27.3,-37.585502,top,60
D1463,28.7,-37.585502,top,60
D1464,30.1,-37.585502,top,60
D1465,31.5,-37.585502,top,60
D1466,32.9,-37.585502,top,60
D1467,34.3,-37.585502,top,60
D1468,35.7,-37.585502,top,60
D1469,37.1,-37.585502,top,60
D147,9.1,-3.637306,top,60
D1470,38.5,-37.585502,top,60
D1471,39.9,-37.585502,top,60
D1472,41.3,-37.585502,top,60
D1473,-22.4,-38.797938,top,60
D1474,-21,-38.797938,top,60
D1475,-19.6,-38.797938,top,60
D1476,-18.2,-38.797938,top,60
D1477,-16.8,-38.797938,top,60
D1478,-15.4,-38.797938,top,60
D1479,-14,-38.797938,top,60
D148,10.5,-3.637306,top,60
D1480,-12.6,-38.797938,top,60
D1481,-11.2,-38.797938,top,60
D1482,-9.8,-38.797938,top,60
D1483,-8.4,-38.797938,top,60
D1484,-7,-38.797938,top,60
D1485,-5.6,-38.797938,top,60
D1486,-4.2,-38.797938,top,60
D1487,-2.8,-38.797938,top,60
D1488,-1.4,-38.797938,top,60
D1489,0,-38.797938,top,60
D149,11.9,-3.637306,top,60
D1490,1.4,-38.797938,top,60
D1491,2.8,-38.797938,top,60
D1492,4.2,-38.797938,top,60
D1493,5.6,-38.797938,top,60
D1494,7,-38.797938,top,60
D1495,8.4,-38.797938,top,60
D1496,9.8,-38.797938,top,60
D1497,11.2,-38.797938,top,60
D1498,12.6,-38.797938,top,60
D1499,14,-38.797938,top,60
D15,19.6,0,top,60
D150,13.3,-3.637306,top,60
D1500,15.4,-38.797938,top,60
D1501,16.8,-38.797938,top,60
D1502,18.2,-38.797938,top,60
D1503,19.6,-38.797938,top,60
D1504,21,-38.797938,top,60
D1505,22.4,-38.797938,top,60
D1506,23.8,-38.797938,top,60
D1507,25.2,-38.797938,top,60
D1508,26.6,-38.797938,top,60
D1509,28,-38.797938,top,60
D151,14.7,-3.637306,top,60
D1510,29.4,-38.797938,top,60
D1511,30.8,-38.797938,top,60
D1512,32.2,-38.797938,top,60
D1513,33.6,-38.797938,top,60
D1514,35,-38.797938,top,60
D1515,36.4,-38.797938,top,60
D1516,37.8,-38.797938,top,60
D1517,39.2,-38.797938,top,60
D1518,40.6,-38.797938,top,60
D1519,-23.1,-40.010373,top,60
D152,16.1,-3.637306,top,60
D1520,-21.7,-40.010373,top,60
D1521,-20.3,-40.010373,top,60
D1522,-18.9,-40.010373,top,60
D1523,-17.5,-40.010373,top,60
D1524,-16.1,-40.010373,top,60
D1525,-14.7,-40.010373,top,60
D1526,-13.3,-40.010373,top,60
D1527,-11.9,-40.010373,top,60
D1528,-10.5,-40.010373,top,60
D1529,-9.1,-40.010373,top,60
D153,17.5,-3.637306,top,60
D1530,-7.7,-40.010373,top,60
D1531,-6.3,-40.010373,top,60
D1532,-4.9,-40.010373,top,60
D1533,-3.5,-40.010373,top,60
D1534,-2.1,-40.010373,top,60
D1535,-0.7,-40.010373,top,60
D1536,0.7,-40.010373,top,60
D1537,2.1,-40.010373,top,60
D1538,3.5,-40.010373,top,60
D1539,4.9,-40.010373,top,60
D154,18.9,-3.637306,top,60
D1540,6.3,-40.010373,top,60
D1541,7.7,-40.010373,top,60
D1542,9.1,-40.010373,top,60
D1543,10.5,-40.010373,top,60
D1544,11.9,-40.010373,top,60
D1545,13.3,-40.010373,top,60
D1546,14.7,-40.010373,top,60
D1547,16.1,-40.010373,top,60
D1548,17.5,-40.010373,top,60
D1549,18.9,-40.010373,top,60
D155,20.3,-3.637306,top,60
D1550,20.3,-40.010373,top,60
D1551,21.7,-40.010373,top,60
D1552,23.1,-40.010373,top,60
D1553,24.5,-40.010373,top,60
D1554,25.9,-40.010373,top,60
D1555,27.3,-40.010373,top,60
D1556,28.7,-40.010373,top,60
D1557,30.1,-40.010373,top,60
D1558,31.5,-40.010373,top,60
D1559,32.9,-40.010373,top,60
D156,21.7,-3.637306,top,60
D1560,34.3,-40.010373,top,60
D1561,35.7,-40.010373,top,60
D1562,37.1,-40.010373,top,60
D1563,38.5,-40.010373,top,60
D1564,39.9,-40.010373,top,60
D1565,-23.8,-41.222809,top,60
D1566,-22.4,-41.222809,top,60
D1567,-21,-41.222809,top,60
D1568,-19.6,-41.222809,top,60
D1569,-18.2,-41.222809,top,60
D157,23.1,-3.637306,top,60
D1570,-16.8,-41.222809,top,60
D1571,-15.4,-41.222809,top,60
D1572,-14,-41.222809,top,60
D1573,-12.6,-41.222809,top,60
D1574,-11.2,-41.222809,top,60
D1575,-9.8,-41.222809,top,60
D1576,-8.4,-41.222809,top,60
D1577,-7,-41.222809,top,60
D1578,-5.6,-41.222809,top,60
D1579,-4.2,-41.222809,top,60
D158,24.5,-3.637306,top,60
D1580,-2.8,-41.222809,top,60
D1581,-1.4,-41.222809,top,60
D1582,0,-41.222809,top,60
D1583,1.4,-41.222809,top,60
D1584,2.8,-41.222809,top,60
D1585,4.2,-41.222809,top,60
D1586,5.6,-41.222809,top,60
D1587,7,-41.222809,top,60
D1588,31.5,-54.5596,top,60
D1589,30.1,-54.5596,top,60
D159,25.9,-3.637306,top,60
D1590,28.7,-54.5596,top,60
D1591,27.3,-54.5596,top,60
D1592,25.9,-54.5596,top,60
D1593,24.5,-54.5596,top,60
D1594,23.1,-54.5596,top,60
D1595,21.7,-54.5596,top,60
D1596,20.3,-54.5596,top,60
D1597,18.9,-54.5596,top,60
D1598,17.5,-54.5596,top,60
D1599,16.1,-54.5596,top,60
D16,21,0,top,60
D160,27.3,-3.637306,top,60
D1600,14.7,-54.5596,top,60
D1601,13.3,-54.5596,top,60
D1602,11.9,-54.5596,top,60
D1603,10.5,-54.5596,top,60
D1604,9.1,-54.5596,top,60
D1605,7.7,-54.5596,top,60
D1606,6.3,-54.5596,top,60
D1607,4.9,-54.5596,top,60
D1608,3.5,-54.5596,top,60
D1609,2.1,-54.5596,top,60
D161,28.7,-3.637306,top,60
D1610,0.7,-54.5596,top,60
D1611,-0.7,-54.5596,top,60
D1612,-2.1,-54.5596,top,60
D1613,-3.5,-54.5596,top,60
D1614,-4.9,-54.5596,top,60
D1615,-6.3,-54.5596,top,60
D1616,-7.7,-54.5596,top,60
D1617,-9.1,-54.5596,top,60
D1618,-10.5,-54.5596,top,60
D1619,-11.9,-54.5596,top,60
D162,30.1,-3.637306,top,60
D1620,-13.3,-54.5596,top,60
D1621,-14.7,-54.5596,top,60
D1622,-16.1,-54.5596,top,60
D1623,-17.5,-54.5596,top,60
D1624,-18.9,-54.5596,top,60
D1625,-20.3,-54.5596,top,60
D1626,-21.7,-54.5596,top,60
D1627,-23.1,-54.5596,top,60
D1628,-24.5,-54.5596,top,60
D1629,-25.9,-54.5596,top,60
D163,31.5,-3.637306,top,60
D1630,-27.3,-54.5596,top,60
D1631,-28.7,-54.5596,top,60
D1632,-30.1,-54.5596,top,60
D1633,-31.5,-54.5596,top,60
D1634,32.2,-53.347164,top,60
D1635,30.8,-53.347164,top,60
D1636,29.4,-53.347164,top,60
D1637,28,-53.347164,top,60
D1638,26.6,-53.347164,top,60
D1639,25.2,-53.347164,top,60
D164,32.9,-3.637306,top,60
D1640,23.8,-53.347164,top,60
D1641,22.4,-53.347164,top,60
D1642,21,-53.347164,top,60
D1643,19.6,-53.347164,top,60
D1644,18.2,-53.347164,top,60
D1645,16.8,-53.347164,top,60
D1646,15.4,-53.347164,top,60
D1647,14,-53.347164,top,60
D1648,12.6,-53.347164,top,60
D1649,11.2,-53.347164,top,60
D165,34.3,-3.637306,top,60
D1650,9.8,-53.347164,top,60
D1651,8.4,-53.347164,top,60
D1652,7,-53.347164,top,60
D1653,5.6,-53.347164,top,60
D1654,4.2,-53.347164,top,60
D1655,2.8,-53.347164,top,60
D1656,1.4,-53.347164,top,60
D1657,0,-53.347164,top,60
D1658,-1.4,-53.347164,top,60
D1659,-2.8,-53.347164,top,60
D166,35.7,-3.637306,top,60
D1660,-4.2,-53.347164,top,60
D1661,-5.6,-53.347164,top,60
D1662,-7,-53.347164,top,60
D1663,-8.4,-53.347164,top,60
D1664,-9.8,-53.347164,top,60
D1665,-11.2,-53.347164,top,60
D1666,-12.6,-53.347164,top,60
D1667,-14,-53.347164,top,60
D1668,-15.4,-53.347164,top,60
D1669,-16.8,-53.347164,top,60
D167,37.1,-3.637306,top,60
D1670,-18.2,-53.347164,top,60
D1671,-19.6,-53.347164,top,60
D1672,-21,-53.347164,top,60
D1673,-22.4,-53.347164,top,60
D1674,-23.8,-53.347164,top,60
D1675,-25.2,-53.347164,top,60
D1676,-26.6,-53.347164,top,60
D1677,-28,-53.347164,top,60
D1678,-29.4,-53.347164,top,60
D1679,-30.8,-53.347164,top,60
D168,38.5,-3.637306,top,60
D1680,32.9,-52.134729,top,60
D1681,31.5,-52.134729,top,60
D1682,30.1,-52.134729,top,60
D1683,28.7,-52.134729,top,60
D1684,27.3,-52.134729,top,60
D1685,25.9,-52.134729,top,60
D1686,24.5,-52.134729,top,60
D1687,23.1,-52.134729,top,60
D1688,21.7,-52.134729,top,60
D1689,20.3,-52.134729,top,60
D169,39.9,-3.637306,top,60
D1690,18.9,-52.134729,top,60
D1691,17.5,-52.134729,top,60
D1692,16.1,-52.134729,top,60
D1693,14.7,-52.134729,top,60
D1694,13.3,-52.134729,top,60
D1695,11.9,-52.134729,top,60
D1696,10.5,-52.134729,top,60
D1697,9.1,-52.134729,top,60
D1698,7.7,-52.134729,top,60
D1699,6.3,-52.134729,top,60
D17,22.4,0,top,60
D170,41.3,-3.637306,top,60
D1700,4.9,-52.134729,top,60
D1701,3.5,-52.134729,top,60
D1702,2.1,-52.134729,top,60
D1703,0.7,-52.134729,top,60
D1704,-0.7,-52.134729,top,60
D1705,-2.1,-52.134729,top,60
D1706,-3.5,-52.134729,top,60
D1707,-4.9,-52.134729,top,60
D1708,-6.3,-52.134729,top,60
D1709,-7.7,-52.134729,top,60
D171,42.7,-3.637306,top,60
D1710,-9.1,-52.134729,top,60
D1711,-10.5,-52.134729,top,60
D1712,-11.9,-52.134729,top,60
D1713,-13.3,-52.134729,top,60
D1714,-14.7,-52.134729,top,60
D1715,-16.1,-52.134729,top,60
D1716,-17.5,-52.134729,top,60
D1717,-18.9,-52.134729,top,60
D1718,-20.3,-52.134729,top,60
D1719,-21.7,-52.134729,top,60
D172,44.1,-3.637306,top,60
D1720,-23.1,-52.134729,top,60
D1721,-24.5,-52.134729,top,60
D1722,-25.9,-52.134729,top,60
D1723,-27.3,-52.134729,top,60
D1724,-28.7,-52.134729,top,60
D1725,-30.1,-52.134729,top,60
D1726,33.6,-50.922293,top,60
D1727,32.2,-50.922293,top,60
D1728,30.8,-50.922293,top,60
D1729,29.4,-50.922293,top,60
D173,45.5,-3.637306,top,60
D1730,28,-50.922293,top,60
D1731,26.6,-50.922293,top,60
D1732,25.2,-50.922293,top,60
D1733,23.8,-50.922293,top,60
D1734,22.4,-50.922293,top,60
D1735,21,-50.922293,top,60
D1736,19.6,-50.922293,top,60
D1737,18.2,-50.922293,top,60
D1738,16.8,-50.922293,top,60
D1739,15.4,-50.922293,top,60
D174,46.9,-3.637306,top,60
D1740,14,-50.922293,top,60
D1741,12.6,-50.922293,top,60
D1742,11.2,-50.922293,top,60
D1743,9.8,-50.922293,top,60
D1744,8.4,-50.922293,top,60
D1745,7,-50.922293,top,60
D1746,5.6,-50.922293,top,60
D1747,4.2,-50.922293,top,60
D1748,2.8,-50.922293,top,60
D1749,1.4,-50.922293,top,60
D175,48.3,-3.637306,top,60
D1750,0,-50.922293,top,60
D1751,-1.4,-50.922293,top,60
D1752,-2.8,-50.922293,top,60
D1753,-4.2,-50.922293,top,60
D1754,-5.6,-50.922293,top,60
D1755,-7,-50.922293,top,60
D1756,-8.4,-50.922293,top,60
D1757,-9.8,-50.922293,top,60
D1758,-11.2,-50.922293,top,60
D1759,-12.6,-50.922293,top,60
D176,49.7,-3.637306,top,60
D1760,-14,-50.922293,top,60
D1761,-15.4,-50.922293,top,60
D1762,-16.8,-50.922293,top,60
D1763,-18.2,-50.922293,top,60
D1764,-19.6,-50.922293,top,60
D1765,-21,-50.922293,top,60
D1766,-22.4,-50.922293,top,60
D1767,-23.8,-50.922293,top,60
D1768,-25.2,-50.922293,top,60
D1769,-26.6,-50.922293,top,60
D177,51.1,-3.637306,top,60
D1770,-28,-50.922293,top,60
D1771,-29.4,-50.922293,top,60
D1772,34.3,-49.709858,top,60
D1773,32.9,-49.709858,top,60
D1774,31.5,-49.709858,top,60
D1775,30.1,-49.709858,top,60
D1776,28.7,-49.709858,top,60
D1777,27.3,-49.709858,top,60
D1778,25.9,-49.709858,top,60
D1779,24.5,-49.709858,top,60
D178,52.5,-3.637306,top,60
D1780,23.1,-49.709858,top,60
D1781,21.7,-49.709858,top,60
D1782,20.3,-49.709858,top,60
D1783,18.9,-49.709858,top,60
D1784,17.5,-49.709858,top,60
D1785,16.1,-49.709858,top,60
D1786,14.7,-49.709858,top,60
D1787,13.3,-49.709858,top,60
D1788,11.9,-49.709858,top,60
D1789,10.5,-49.709858,top,60
D179,53.9,-3.637306,top,60
D1790,9.1,-49.709858,top,60
D1791,7.7,-49.709858,top,60
D1792,6.3,-49.709858,top,60
D1793,4.9,-49.709858,top,60
D1794,3.5,-49.709858,top,60
D1795,2.1,-49.709858,top,60
D1796,0.7,-49.709858,top,60
D1797,-0.7,-49.709858,top,60
D1798,-2.1,-49.709858,top,60
D1799,-3.5,-49.709858,top,60
D18,23.8,0,top,60
D180,55.3,-3.637306,top,60
D1800,-4.9,-49.709858,top,60
D1801,-6.3,-49.709858,top,60
D1802,-7.7,-49.709858,top,60
D1803,-9.1,-49.709858,top,60
D1804,-10.5,-49.709858,top,60
D1805,-11.9,-49.709858,top,60
D1806,-13.3,-49.709858,top,60
D1807,-14.7,-49.709858,top,60
D1808,-16.1,-49.709858,top,60
D1809,-17.5,-49.709858,top,60
D181,56.7,-3.637306,top,60
D1810,-18.9,-49.709858,top,60
D1811,-20.3,-49.709858,top,60
D1812,-21.7,-49.709858,top,60
D1813,-23.1,-49.709858,top,60
D1814,-24.5,-49.709858,top,60
D1815,-25.9,-49.709858,top,60
D1816,-27.3,-49.709858,top,60
D1817,-28.7,-49.709858,top,60
D1818,35,-48.497422,top,60
D1819,33.6,-48.497422,top,60
D182,58.1,-3.637306,top,60
D1820,32.2,-48.497422,top,60
D1821,30.8,-48.497422,top,60
D1822,29.4,-48.497422,top,60
D1823,28,-48.497422,top,60
D1824,26.6,-48.497422,top,60
D1825,25.2,-48.497422,top,60
D1826,23.8,-48.497422,top,60
D1827,22.4,-48.497422,top,60
D1828,21,-48.497422,top,60
D1829,19.6,-48.497422,top,60
D183,59.5,-3.637306,top,60
D1830,18.2,-48.497422,top,60
D1831,16.8,-48.497422,top,60
D1832,15.4,-48.497422,top,60
D1833,14,-48.497422,top,60
D1834,12.6,-48.497422,top,60
D1835,11.2,-48.497422,top,60
D1836,9.8,-48.497422,top,60
D1837,8.4,-48.497422,top,60
D1838,7,-48.497422,top,60
D1839,5.6,-48.497422,top,60
D184,60.9,-3.637306,top,60
D1840,4.2,-48.497422,top,60
D1841,2.8,-48.497422,top,60
D1842,1.4,-48.497422,top,60
D1843,0,-48.497422,top,60
D1844,-1.4,-48.497422,top,60
D1845,-2.8,-48.497422,top,60
D1846,-4.2,-48.497422,top,60
D1847,-5.6,-48.497422,top,60
D1848,-7,-48.497422,top,60
D1849,-8.4,-48.497422,top,60
D185,-2.8,-4.849742,top,60
D1850,-9.8,-48.497422,top,60
D1851,-11.2,-48.497422,top,60
D1852,-12.6,-48.497422,top,60
D1853,-14,-48.497422,top,60
D1854,-15.4,-48.497422,top,60
D1855,-16.8,-48.497422,top,60
D1856,-18.2,-48.497422,top,60
D1857,-19.6,-48.497422,top,60
D1858,-21,-48.497422,top,60
D1859,-22.4,-48.497422,top,60
D186,-1.4,-4.849742,top,60
D1860,-23.8,-48.497422,top,60
D1861,-25.2,-48.497422,top,60
D1862,-26.6,-48.497422,top,60
D1863,-28,-48.497422,top,60
D1864,35.7,-47.284987,top,60
D1865,34.3,-47.284987,top,60
D1866,32.9,-47.284987,top,60
D1867,31.5,-47.284987,top,60
D1868,30.1,-47.284987,top,60
D1869,28.7,-47.284987,top,60
D187,0,-4.849742,top,60
D1870,27.3,-47.284987,top,60
D1871,25.9,-47.284987,top,60
D1872,24.5,-47.284987,top,60
D1873,23.1,-47.284987,top,60
D1874,21.7,-47.284987,top,60
D1875,20.3,-47.284987,top,60
D1876,18.9,-47.284987,top,60
D1877,17.5,-47.284987,top,60
D1878,16.1,-47.284987,top,60
D1879,14.7,-47.284987,top,60
D188,1.4,-4.849742,top,60
D1880,13.3,-47.284987,top,60
D1881,11.9,-47.284987,top,60
D1882,10.5,-47.284987,top,60
D1883,9.1,-47.284987,top,60
D1884,7.7,-47.284987,top,60
D1885,6.3,-47.284987,top,60
D1886,4.9,-47.284987,top,60
D1887,3.5,-47.284987,top,60
D1888,2.1,-47.284987,top,60
D1889,0.7,-47.284987,top,60
D189,2.8,-4.849742,top,60
D1890,-0.7,-47.284987,top,60
D1891,-2.1,-47.284987,top,60
D1892,-3.5,-47.284987,top,60
D1893,-4.9,-47.284987,top,60
D1894,-6.3,-47.284987,top,60
D1895,-7.7,-47.284987,top,60
D1896,-9.1,-47.284987,top,60
D1897,-10.5,-47.284987,top,60
D1898,-11.9,-47.284987,top,60
D1899,-13.3,-47.284987,top,60
D19,25.2,0,top,60
D190,4.2,-4.849742,top,60
D1900,-14.7,-47.284987,top,60
D1901,-16.1,-47.284987,top,60
D1902,-17.5,-47.284987,top,60
D1903,-18.9,-47.284987,top,60
D1904,-20.3,-47.284987,top,60
D1905,-21.7,-47.284987,top,60
D1906,-23.1,-47.284987,top,60
D1907,-24.5,-47.284987,top,60
D1908,-25.9,-47.284987,top,60
D1909,-27.3,-47.284987,top,60
D191,5.6,-4.849742,top,60
D1910,36.4,-46.072551,top,60
D1911,35,-46.072551,top,60
D1912,33.6,-46.072551,top,60
D1913,32.2,-46.072551,top,60
D1914,30.8,-46.072551,top,60
D1915,29.4,-46.072551,top,60
D1916,28,-46.072551,top,60
D1917,26.6,-46.072551,top,60
D1918,25.2,-46.072551,top,60
D1919,23.8,-46.072551,top,60
D192,7,-4.849742,top,60
D1920,22.4,-46.072551,top,60
D1921,21,-46.072551,top,60
D1922,19.6,-46.072551,top,60
D1923,18.2,-46.072551,top,60
D1924,16.8,-46.072551,top,60
D1925,15.4,-46.072551,top,60
D1926,14,-46.072551,top,60
D1927,12.6,-46.072551,top,60
D1928,11.2,-46.072551,top,60
D1929,9.8,-46.072551,top,60
D193,8.4,-4.849742,top,60
D1930,8.4,-46.072551,top,60
D1931,7,-46.072551,top,60
D1932,5.6,-46.072551,top,60
D1933,4.2,-46.072551,top,60
D1934,2.8,-46.072551,top,60
D1935,1.4,-46.072551,top,60
D1936,0,-46.072551,top,60
D1937,-1.4,-46.072551,top,60
D1938,-2.8,-46.072551,top,60
D1939,-4.2,-46.072551,top,60
D194,9.8,-4.849742,top,60
D1940,-5.6,-46.072551,top,60
D1941,-7,-46.072551,top,60
D1942,-8.4,-46.072551,top,60
D1943,-9.8,-46.072551,top,60
D1944,-11.2,-46.072551,top,60
D1945,-12.6,-46.072551,top,60
D1946,-14,-46.072551,top,60
D1947,-15.4,-46.072551,top,60
D1948,-16.8,-46.072551,top,60
D1949,-18.2,-46.072551,top,60
D195,11.2,-4.849742,top,60
D1950,-19.6,-46.072551,top,60
D1951,-21,-46.072551,top,60
D1952,-22.4,-46.072551,top,60
D1953,-23.8,-46.072551,top,60
D1954,-25.2,-46.072551,top,60
D1955,-26.6,-46.072551,top,60
D1956,37.1,-44.860115,top,60
D1957,35.7,-44.860115,top,60
D1958,34.3,-44.860115,top,60
D1959,32.9,-44.860115,top,60
D196,12.6,-4.849742,top,60
D1960,31.5,-44.860115,top,60
D1961,30.1,-44.860115,top,60
D1962,28.7,-44.860115,top,60
D1963,27.3,-44.860115,top,60
D1964,25.9,-44.860115,top,60
D1965,24.5,-44.860115,top,60
D1966,23.1,-44.860115,top,60
D1967,21.7,-44.860115,top,60
D1968,20.3,-44.860115,top,60
D1969,18.9,-44.860115,top,60
D197,14,-4.849742,top,60
D1970,17.5,-44.860115,top,60
D1971,16.1,-44.860115,top,60
D1972,14.7,-44.860115,top,60
D1973,13.3,-44.860115,top,60
D1974,11.9,-44.860115,top,60
D1975,10.5,-44.860115,top,60
D1976,9.1,-44.860115,top,60
D1977,7.7,-44.860115,top,60
D1978,6.3,-44.860115,top,60
D1979,4.9,-44.860115,top,60
D198,15.4,-4.849742,top,60
D1980,3.5,-44.860115,top,60
D1981,2.1,-44.860115,top,60
D1982,0.7,-44.860115,top,60
D1983,-0.7,-44.860115,top,60
D1984,-2.1,-44.860115,top,60
D1985,-3.5,-44.860115,top,60
D1986,-4.9,-44.860115,top,60
D1987,-6.3,-44.860115,top,60
D1988,-7.7,-44.860115,top,60
D1989,-9.1,-44.860115,top,60
D199,16.8,-4.849742,top,60
D1990,-10.5,-44.860115,top,60
D1991,-11.9,-44.860115,top,60
D1992,-13.3,-44.860115,top,60
D1993,-14.7,-44.860115,top,60
D1994,-16.1,-44.860115,top,60
D1995,-17.5,-44.860115,top,60
D1996,-18.9,-44.860115,top,60
D1997,-20.3,-44.860115,top,60
D1998,-21.7,-44.860115,top,60
D1999,-23.1,-44.860115,top,60
D2,1.4,0,top,60
D20,26.6,0,top,60
D200,18.2,-4.849742,top,60
D2000,-24.5,-44.860115,top,60
D2001,-25.9,-44.860115,top,60
D2002,37.8,-43.64768,top,60
D2003,36.4,-43.64768,top,60
D2004,35,-43.64768,top,60
D2005,33.6,-43.64768,top,60
D2006,32.2,-43.64768,top,60
D2007,30.8,-43.64768,top,60
D2008,29.4,-43.64768,top,60
D2009,28,-43.64768,top,60
D201,19.6,-4.849742,top,60
D2010,26.6,-43.64768,top,60
D2011,25.2,-43.64768,top,60
D2012,23.8,-43.64768,top,60
D2013,22.4,-43.64768,top,60
D2014,21,-43.64768,top,60
D2015,19.6,-43.64768,top,60
D2016,18.2,-43.64768,top,60
D2017,16.8,-43.64768,top,60
D2018,15.4,-43.64768,top,60
D2019,14,-43.64768,top,60
D202,21,-4.849742,top,60
D2020,12.6,-43.64768,top,60
D2021,11.2,-43.64768,top,60
D2022,9.8,-43.64768,top,60
D2023,8.4,-43.64768,top,60
D2024,7,-43.64768,top,60
D2025,5.6,-43.64768,top,60
D2026,4.2,-43.64768,top,60
D2027,2.8,-43.64768,top,60
D2028,1.4,-43.64768,top,60
D2029,0,-43.64768,top,60
D203,22.4,-4.849742,top,60
D2030,-1.4,-43.64768,top,60
D2031,-2.8,-43.64768,top,60
D2032,-4.2,-43.64768,top,60
D2033,-5.6,-43.64768,top,60
D2034,-7,-43.64768,top,60
D2035,-8.4,-43.64768,top,60
D2036,-9.8,-43.64768,top,60
D2037,-11.2,-43.64768,top,60
D2038,-12.6,-43.64768,top,60
D2039,-14,-43.64768,top,60
D204,23.8,-4.849742,top,60
D2040,-15.4,-43.64768,top,60
D2041,-16.8,-43.64768,top,60
D2042,-18.2,-43.64768,top,60
D2043,-19.6,-43.64768,top,60
D2044,-21,-43.64768,top,60
D2045,-22.4,-43.64768,top,60
D2046,-23.8,-43.64768,top,60
D2047,-25.2,-43.64768,top,60
D2048,38.5,-42.435244,top,60
D2049,37.1,-42.435244,top,60
D205,25.2,-4.849742,top,60
D2050,35.7,-42.435244,top,60
D2051,34.3,-42.435244,top,60
D2052,32.9,-42.435244,top,60
D2053,31.5,-42.435244,top,60
D2054,30.1,-42.435244,top,60
D2055,28.7,-42.435244,top,60
D2056,27.3,-42.435244,top,60
D2057,25.9,-42.435244,top,60
D2058,24.5,-42.435244,top,60
D2059,23.1,-42.435244,top,60
D206,26.6,-4.849742,top,60
D2060,21.7,-42.435244,top,60
D2061,20.3,-42.435244,top,60
D2062,18.9,-42.435244,top,60
D2063,17.5,-42.435244,top,60
D2064,16.1,-42.435244,top,60
D2065,14.7,-42.435244,top,60
D2066,13.3,-42.435244,top,60
D2067,11.9,-42.435244,top,60
D2068,10.5,-42.435244,top,60
D2069,9.1,-42.435244,top,60
D207,28,-4.849742,top,60
D2070,7.7,-42.435244,top,60
D2071,6.3,-42.435244,top,60
D2072,4.9,-42.435244,top,60
D2073,3.5,-42.435244,top,60
D2074,2.1,-42.435244,top,60
D2075,0.7,-42.435244,top,60
D2076,-0.7,-42.435244,top,60
D2077,-2.1,-42.435244,top,60
D2078,-3.5,-42.435244,top,60
D2079,-4.9,-42.435244,top,60
D208,29.4,-4.849742,top,60
D2080,-6.3,-42.435244,top,60
D2081,-7.7,-42.435244,top,60
D2082,-9.1,-42.435244,top,60
D2083,-10.5,-42.435244,top,60
D2084,-11.9,-42.435244,top,60
D2085,-13.3,-42.435244,top,60
D2086,-14.7,-42.435244,top,60
D2087,-16.1,-42.435244,top,60
D2088,-17.5,-42.435244,top,60
D2089,-18.9,-42.435244,top,60
D209,30.8,-4.849742,top,60
D2090,-20.3,-42.435244,top,60
D2091,-21.7,-42.435244,top,60
D2092,-23.1,-42.435244,top,60
D2093,-24.5,-42.435244,top,60
D2094,39.2,-41.222809,top,60
D2095,37.8,-41.222809,top,60
D2096,36.4,-41.222809,top,60
D2097,35,-41.222809,top,60
D2098,33.6,-41.222809,top,60
D2099,32.2,-41.222809,top,60
D21,28,0,top,60
D210,32.2,-4.849742,top,60
D2100,30.8,-41.222809,top,60
D2101,29.4,-41.222809,top,60
D2102,28,-41.222809,top,60
D2103,26.6,-41.222809,top,60
D2104,25.2,-41.222809,top,60
D2105,23.8,-41.222809,top,60
D2106,22.4,-41.222809,top,60
D2107,21,-41.222809,top,60
D2108,19.6,-41.222809,top,60
D2109,18.2,-41.222809,top,60
D211,33.6,-4.849742,top,60
D2110,16.8,-41.222809,top,60
D2111,15.4,-41.222809,top,60
D2112,14,-41.222809,top,60
D2113,12.6,-41.222809,top,60
D2114,11.2,-41.222809,top,60
D2115,9.8,-41.222809,top,60
D2116,8.4,-41.222809,top,60
D212,35,-4.849742,top,60
D213,36.4,-4.849742,top,60
D214,37.8,-4.849742,top,60
D215,39.2,-4.849742,top,60
D216,40.6,-4.849742,top,60
D217,42,-4.849742,top,60
D218,43.4,-4.849742,top,60
D219,44.8,-4.849742,top,60
D22,29.4,0,top,60
D220,46.2,-4.849742,top,60
D221,47.6,-4.849742,top,60
D222,49,-4.849742,top,60
D223,50.4,-4.849742,top,60
D224,51.8,-4.849742,top,60
D225,53.2,-4.849742,top,60
D226,54.6,-4.849742,top,60
D227,56,-4.849742,top,60
D228,57.4,-4.849742,top,60
D229,58.8,-4.849742,top,60
D23,30.8,0,top,60
D230,60.2,-4.849742,top,60
D231,-3.5,-6.062177,top,60
D232,-2.1,-6.062177,top,60
D233,-0.7,-6.062177,top,60
D234,0.7,-6.062177,top,60
D235,2.1,-6.062177,top,60
D236,3.5,-6.062177,top,60
D237,4.9,-6.062177,top,60
D238,6.3,-6.062177,top,60
D239,7.7,-6.062177,top,60
D24,32.2,0,top,60
D240,9.1,-6.062177,top,60
D241,10.5,-6.062177,top,60
D242,11.9,-6.062177,top,60
D243,13.3,-6.062177,top,60
D244,14.7,-6.062177,top,60
D245,16.1,-6.062177,top,60
D246,17.5,-6.062177,top,60
D247,18.9,-6.062177,top,60
D248,20.3,-6.062177,top,60
D249,21.7,-6.062177,top,60
D25,33.6,0,top,60
D250,23.1,-6.062177,top,60
D251,24.5,-6.062177,top,60
D252,25.9,-6.062177,top,60
D253,27.3,-6.062177,top,60
D254,28.7,-6.062177,top,60
D255,30.1,-6.062177,top,60
D256,31.5,-6.062177,top,60
D257,32.9,-6.062177,top,60
D258,34.3,-6.062177,top,60
D259,35.7,-6.062177,top,60
D26,35,0,top,60
D260,37.1,-6.062177,top,60
D261,38.5,-6.062177,top,60
D262,39.9,-6.062177,top,60
D263,41.3,-6.062177,top,60
D264,42.7,-6.062177,top,60
D265,44.1,-6.062177,top,60
D266,45.5,-6.062177,top,60
D267,46.9,-6.062177,top,60
D268,48.3,-6.062177,top,60
D269,49.7,-6.062177,top,60
D27,36.4,0,top,60
D270,51.1,-6.062177,top,60
D271,52.5,-6.062177,top,60
D272,53.9,-6.062177,top,60
D273,55.3,-6.062177,top,60
D274,56.7,-6.062177,top,60
D275,58.1,-6.062177,top,60
D276,59.5,-6.062177,top,60
D277,-4.2,-7.274613,top,60
D278,-2.8,-7.274613,top,60
D279,-1.4,-7.274613,top,60
D28,37.8,0,top,60
D280,0,-7.274613,top,60
D281,1.4,-7.274613,top,60
D282,2.8,-7.274613,top,60
D283,4.2,-7.274613,top,60
D284,5.6,-7.274613,top,60
D285,7,-7.274613,top,60
D286,8.4,-7.274613,top,60
D287,9.8,-7.274613,top,60
D288,11.2,-7.274613,top,60
D289,12.6,-7.274613,top,60
D29,39.2,0,top,60
D290,14,-7.274613,top,60
D291,15.4,-7.274613,top,60
D292,16.8,-7.274613,top,60
D293,18.2,-7.274613,top,60
D294,19.6,-7.274613,top,60
D295,21,-7.274613,top,60
D296,22.4,-7.274613,top,60
D297,23.8,-7.274613,top,60
D298,25.2,-7.274613,top,60
D299,26.6,-7.274613,top,60
D3,2.8,0,top,60
D30,40.6,0,top,60
D300,28,-7.274613,top,60
D301,29.4,-7.274613,top,60
D302,30.8,-7.274613,top,60
D303,32.2,-7.274613,top,60
D304,33.6,-7.274613,top,60
D305,35,-7.274613,top,60
D306,36.4,-7.274613,top,60
D307,37.8,-7.274613,top,60
D308,39.2,-7.274613,top,60
D309,40.6,-7.274613,top,60
D31,42,0,top,60
D310,42,-7.274613,top,60
D311,43.4,-7.274613,top,60
D312,44.8,-7.274613,top,60
D313,46.2,-7.274613,top,60
D314,47.6,-7.274613,top,60
D315,49,-7.274613,top,60
D316,50.4,-7.274613,top,60
D317,51.8,-7.274613,top,60
D318,53.2,-7.274613,top,60
D319,54.6,-7.274613,top,60
D32,43.4,0,top,60
D320,56,-7.274613,top,60
D321,57.4,-7.274613,top,60
D322,58.8,-7.274613,top,60
D323,-4.9,-8.487048,top,60
D324,-3.5,-8.487048,top,60
D325,-2.1,-8.487048,top,60
D326,-0.7,-8.487048,top,60
D327,0.7,-8.487048,top,60
D328,2.1,-8.487048,top,60
D329,3.5,-8.487048,top,60
D33,44.8,0,top,60
D330,4.9,-8.487048,top,60
D331,6.3,-8.487048,top,60
D332,7.7,-8.487048,top,60
D333,9.1,-8.487048,top,60
D334,10.5,-8.487048,top,60
D335,11.9,-8.487048,top,60
D336,13.3,-8.487048,top,60
D337,14.7,-8.487048,top,60
D338,16.1,-8.487048,top,60
D339,17.5,-8.487048,top,60
D34,46.2,0,top,60
D340,18.9,-8.487048,top,60
D341,20.3,-8.487048,top,60
D342,21.7,-8.487048,top,60
D343,23.1,-8.487048,top,60
D344,24.5,-8.487048,top,60
D345,25.9,-8.487048,top,60
D346,27.3,-8.487048,top,60
D347,28.7,-8.487048,top,60
D348,30.1,-8.487048,top,60
D349,31.5,-8.487048,top,60
D35,47.6,0,top,60
D350,32.9,-8.487048,top,60
D351,34.3,-8.487048,top,60
D352,35.7,-8.487048,top,60
D353,37.1,-8.487048,top,60
D354,38.5,-8.487048,top,60
D355,39.9,-8.487048,top,60
D356,41.3,-8.487048,top,60
D357,42.7,-8.487048,top,60
D358,44.1,-8.487048,top,60
D359,45.5,-8.487048,top,60
D36,49,0,top,60
D360,46.9,-8.487048,top,60
D361,48.3,-8.487048,top,60
D362,49.7,-8.487048,top,60
D363,51.1,-8.487048,top,60
D364,52.5,-8.487048,top,60
D365,53.9,-8.487048,top,60
D366,55.3,-8.487048,top,60
D367,56.7,-8.487048,top,60
D368,58.1,-8.487048,top,60
D369,-5.6,-9.699484,top,60
D37,50.4,0,top,60
D370,-4.2,-9.699484,top,60
D371,-2.8,-9.699484,top,60
D372,-1.4,-9.699484,top,60
D373,0,-9.699484,top,60
D374,1.4,-9.699484,top,60
D375,2.8,-9.699484,top,60
D376,4.2,-9.699484,top,60
D377,5.6,-9.699484,top,60
D378,7,-9.699484,top,60
D379,8.4,-9.699484,top,60
D38,51.8,0,top,60
D380,9.8,-9.699484,top,60
D381,11.2,-9.699484,top,60
D382,12.6,-9.699484,top,60
D383,14,-9.699484,top,60
D384,15.4,-9.699484,top,60
D385,16.8,-9.699484,top,60
D386,18.2,-9.699484,top,60
D387,19.6,-9.699484,top,60
D388,21,-9.699484,top,60
D389,22.4,-9.699484,top,60
D39,53.2,0,top,60
D390,23.8,-9.699484,top,60
D391,25.2,-9.699484,top,60
D392,26.6,-9.699484,top,60
D393,28,-9.699484,top,60
D394,29.4,-9.699484,top,60
D395,30.8,-9.699484,top,60
D396,32.2,-9.699484,top,60
D397,33.6,-9.699484,top,60
D398,35,-9.699484,top,60
D399,36.4,-9.699484,top,60
D4,4.2,0,top,60
D40,54.6,0,top,60
D400,37.8,-9.699484,top,60
D401,39.2,-9.699484,top,60
D402,40.6,-9.699484,top,60
D403,42,-9.699484,top,60
D404,43.4,-9.699484,top,60
D405,44.8,-9.699484,top,60
D406,46.2,-9.699484,top,60
D407,47.6,-9.699484,top,60
D408,49,-9.699484,top,60
D409,50.4,-9.699484,top,60
D41,56,0,top,60
D410,51.8,-9.699484,top,60
D411,53.2,-9.699484,top,60
D412,54.6,-9.699484,top,60
D413,56,-9.699484,top,60
D414,57.4,-9.699484,top,60
D415,-6.3,-10.91192,top,60
D416,-4.9,-10.91192,top,60
D417,-3.5,-10.91192,top,60
D418,-2.1,-10.91192,top,60
D419,-0.7,-10.91192,top,60
D42,57.4,0,top,60
D420,0.7,-10.91192,top,60
D421,2.1,-10.91192,top,60
D422,3.5,-10.91192,top,60
D423,4.9,-10.91192,top,60
D424,6.3,-10.91192,top,60
D425,7.7,-10.91192,top,60
D426,9.1,-10.91192,top,60
D427,10.5,-10.91192,top,60
D428,11.9,-10.91192,top,60
D429,13.3,-10.91192,top,60
D43,58.8,0,top,60
D430,14.7,-10.91192,top,60
D431,16.1,-10.91192,top,60
D432,17.5,-10.91192,top,60
D433,18.9,-10.91192,top,60
D434,20.3,-10.91192,top,60
D435,21.7,-10.91192,top,60
D436,23.1,-10.91192,top,60
D437,24.5,-10.91192,top,60
D438,25.9,-10.91192,top,60
D439,27.3,-10.91192,top,60
D44,60.2,0,top,60
D440,28.7,-10.91192,top,60
D441,30.1,-10.91192,top,60
D442,31.5,-10.91192,top,60
D443,32.9,-10.91192,top,60
D444,34.3,-10.91192,top,60
D445,35.7,-10.91192,top,60
D446,37.1,-10.91192,top,60
D447,38.5,-10.91192,top,60
D448,39.9,-10.91192,top,60
D449,41.3,-10.91192,top,60
D45,61.6,0,top,60
D450,42.7,-10.91192,top,60
D451,44.1,-10.91192,top,60
D452,45.5,-10.91192,top,60
D453,46.9,-10.91192,top,60
D454,48.3,-10.91192,top,60
D455,49.7,-10.91192,top,60
D456,51.1,-10.91192,top,60
D457,52.5,-10.91192,top,60
D458,53.9,-10.91192,top,60
D459,55.3,-10.91192,top,60
D46,63,0,top,60
D460,56.7,-10.91192,top,60
D461,-7,-12.124355,top,60
D462,-5.6,-12.124355,top,60
D463,-4.2,-12.124355,top,60
D464,-2.8,-12.124355,top,60
D465,-1.4,-12.124355,top,60
D466,0,-12.124355,top,60
D467,1.4,-12.124355,top,60
D468,2.8,-12.124355,top,60
D469,4.2,-12.124355,top,60
D47,-0.7,-1.212435,top,60
D470,5.6,-12.124355,top,60
D471,7,-12.124355,top,60
D472,8.4,-12.124355,top,60
D473,9.8,-12.124355,top,60
D474,11.2,-12.124355,top,60
D475,12.6,-12.124355,top,60
D476,14,-12.124355,top,60
D477,15.4,-12.124355,top,60
D478,16.8,-12.124355,top,60
D479,18.2,-12.124355,top,60
D48,0.7,-1.212435,top,60
D480,19.6,-12.124355,top,60
D481,21,-12.124355,top,60
D482,22.4,-12.124355,top,60
D483,23.8,-12.124355,top,60
D484,25.2,-12.124355,top,60
D485,26.6,-12.124355,top,60
D486,28,-12.124355,top,60
D487,29.4,-12.124355,top,60
D488,30.8,-12.124355,top,60
D489,32.2,-12.124355,top,60
D49,2.1,-1.212435,top,60
D490,33.6,-12.124355,top,60
D491,35,-12.124355,top,60
D492,36.4,-12.124355,top,60
D493,37.8,-12.124355,top,60
D494,39.2,-12.124355,top,60
D495,40.6,-12.124355,top,60
D496,42,-12.124355,top,60
D497,43.4,-12.124355,top,60
D498,44.8,-12.124355,top,60
D499,46.2,-12.124355,top,60
D5,5.6,0,top,60
D50,3.5,-1.212435,top,60
D500,47.6,-12.124355,top,60
D501,49,-12.124355,top,60
D502,50.4,-12.124355,top,60
D503,51.8,-12.124355,top,60
D504,53.2,-12.124355,top,60
D505,54.6,-12.124355,top,60
D506,56,-12.124355,top,60
D507,-7.7,-13.336791,top,60
D508,-6.3,-13.336791,top,60
D509,-4.9,-13.336791,top,60
D51,4.9,-1.212435,top,60
D510,-3.5,-13.336791,top,60
D511,-2.1,-13.336791,top,60
D512,-0.7,-13.336791,top,60
D513,0.7,-13.336791,top,60
D514,2.1,-13.336791,top,60
D515,3.5,-13.336791,top,60
D516,4.9,-13.336791,top,60
D517,6.3,-13.336791,top,60
D518,7.7,-13.336791,top,60
D519,9.1,-13.336791,top,60
D52,6.3,-1.212435,top,60
D520,10.5,-13.336791,top,60
D521,11.9,-13.336791,top,60
D522,13.3,-13.336791,top,60
D523,14.7,-13.336791,top,60
D524,16.1,-13.336791,top,60
D525,17.5,-13.336791,top,60
D526,18.9,-13.336791,top,60
D527,20.3,-13.336791,top,60
D528,21.7,-13.336791,top,60
D529,23.1,-13.336791,top,60
D53,7.7,-1.212435,top,60
D530,47.6,-26.673582,top,60
D531,46.2,-26.673582,top,60
D532,44.8,-26.673582,top,60
D533,43.4,-26.673582,top,60
D534,42,-26.673582,top,60
D535,40.6,-26.673582,top,60
D536,39.2,-26.673582,top,60
D537,37.8,-26.673582,top,60
D538,36.4,-26.673582,top,60
D539,35,-26.673582,top,60
D54,9.1,-1.212435,top,60
D540,33.6,-26.673582,top,60
D541,32.2,-26.673582,top,60
D542,30.8,-26.673582,top,60
D543,29.4,-26.673582,top,60
D544,28,-26.673582,top,60
D545,26.6,-26.673582,top,60
D546,25.2,-26.673582,top,60
D547,23.8,-26.673582,top,60
D548,22.4,-26.673582,top,60
D549,21,-26.673582,top,60
D55,10.5,-1.212435,top,60
D550,19.6,-26.673582,top,60
D551,18.2,-26.673582,top,60
D552,16.8,-26.673582,top,60
D553,15.4,-26.673582,top,60
D554,14,-26.673582,top,60
D555,12.6,-26.673582,top,60
D556,11.2,-26.673582,top,60
D557,9.8,-26.673582,top,60
D558,8.4,-26.673582,top,60
D559,7,-26.673582,top,60
D56,11.9,-1.212435,top,60
D560,5.6,-26.673582,top,60
D561,4.2,-26.673582,top,60
D562,2.8,-26.673582,top,60
D563,1.4,-26.673582,top,60
D564,0,-26.673582,top,60
D565,-1.4,-26.673582,top,60
D566,-2.8,-26.673582,top,60
D567,-4.2,-26.673582,top,60
D568,-5.6,-26.673582,top,60
D569,-7,-26.673582,top,60
D57,13.3,-1.212435,top,60
D570,-8.4,-26.673582,top,60
D571,-9.8,-26.673582,top,60
D572,-11.2,-26.673582,top,60
D573,-12.6,-26.673582,top,60
D574,-14,-26.673582,top,60
D575,-15.4,-26.673582,top,60
D576,48.3,-25.461146,top,60
D577,46.9,-25.461146,top,60
D578,45.5,-25.461146,top,60
D579,44.1,-25.461146,top,60
D58,14.7,-1.212435,top,60
D580,42.7,-25.461146,top,60
D581,41.3,-25.461146,top,60
D582,39.9,-25.461146,top,60
D583,38.5,-25.461146,top,60
D584,37.1,-25.461146,top,60
D585,35.7,-25.461146,top,60
D586,34.3,-25.461146,top,60
D587,32.9,-25.461146,top,60
D588,31.5,-25.461146,top,60
D589,30.1,-25.461146,top,60
D59,16.1,-1.212435,top,60
D590,28.7,-25.461146,top,60
D591,27.3,-25.461146,top,60
D592,25.9,-25.461146,top,60
D593,24.5,-25.461146,top,60
D594,23.1,-25.461146,top,60
D595,21.7,-25.461146,top,60
D596,20.3,-25.461146,top,60
D597,18.9,-25.461146,top,60
D598,17.5,-25.461146,top,60
D599,16.1,-25.461146,top,60
D6,7,0,top,60
D60,17.5,-1.212435,top,60
D600,14.7,-25.461146,top,60
D601,13.3,-25.461146,top,60
D602,11.9,-25.461146,top,60
D603,10.5,-25.461146,top,60
D604,9.1,-25.461146,top,60
D605,7.7,-25.461146,top,60
D606,6.3,-25.461146,top,60
D607,4.9,-25.461146,top,60
D608,3.5,-25.461146,top,60
D609,2.1,-25.461146,top,60
D61,18.9,-1.212435,top,60
D610,0.7,-25.461146,top,60
D611,-0.7,-25.461146,top,60
D612,-2.1,-25.461146,top,60
D613,-3.5,-25.461146,top,60
D614,-4.9,-25.461146,top,60
D615,-6.3,-25.461146,top,60
D616,-7.7,-25.461146,top,60
D617,-9.1,-25.461146,top,60
D618,-10.5,-25.461146,top,60
D619,-11.9,-25.461146,top,60
D62,20.3,-1.212435,top,60
D620,-13.3,-25.461146,top,60
D621,-14.7,-25.461146,top,60
D622,49,-24.248711,top,60
D623,47.6,-24.248711,top,60
D624,46.2,-24.248711,top,60
D625,44.8,-24.248711,top,60
D626,43.4,-24.248711,top,60
D627,42,-24.248711,top,60
D628,40.6,-24.248711,top,60
D629,39.2,-24.248711,top,60
D63,21.7,-1.212435,top,60
D630,37.8,-24.248711,top,60
D631,36.4,-24.248711,top,60
D632,35,-24.248711,top,60
D633,33.6,-24.248711,top,60
D634,32.2,-24.248711,top,60
D635,30.8,-24.248711,top,60
D636,29.4,-24.248711,top,60
D637,28,-24.248711,top,60
D638,26.6,-24.248711,top,60
D639,25.2,-24.248711,top,60
D64,23.1,-1.212435,top,60
D640,23.8,-24.248711,top,60
D641,22.4,-24.248711,top,60
D642,21,-24.248711,top,60
D643,19.6,-24.248711,top,60
D644,18.2,-24.248711,top,60
D645,16.8,-24.248711,top,60
D646,15.4,-24.248711,top,60
D647,14,-24.248711,top,60
D648,12.6,-24.248711,top,60
D649,11.2,-24.248711,top,60
D65,24.5,-1.212435,top,60
D650,9.8,-24.248711,top,60
D651,8.4,-24.248711,top,60
D652,7,-24.248711,top,60
D653,5.6,-24.248711,top,60
D654,4.2,-24.248711,top,60
D655,2.8,-24.248711,top,60
D656,1.4,-24.248711,top,60
D657,0,-24.248711,top,60
D658,-1.4,-24.248711,top,60
D659,-2.8,-24.248711,top,60
D66,25.9,-1.212435,top,60
D660,-4.2,-24.248711,top,60
D661,-5.6,-24.248711,top,60
D662,-7,-24.248711,top,60
D663,-8.4,-24.248711,top,60
D664,-9.8,-24.248711,top,60
D665,-11.2,-24.248711,top,60
D666,-12.6,-24.248711,top,60
D667,-14,-24.248711,top,60
D668,49.7,-23.036275,top,60
D669,48.3,-23.036275,top,60
D67,27.3,-1.212435,top,60
D670,46.9,-23.036275,top,60
D671,45.5,-23.036275,top,60
D672,44.1,-23.036275,top,60
D673,42.7,-23.036275,top,60
D674,41.3,-23.036275,top,60
D675,39.9,-23.036275,top,60
D676,38.5,-23.036275,top,60
D677,37.1,-23.036275,top,60
D678,35.7,-23.036275,top,60
D679,34.3,-23.036275,top,60
D68,28.7,-1.212435,top,60
D680,32.9,-23.036275,top,60
D681,31.5,-23.036275,top,60
D682,30.1,-23.036275,top,60
D683,28.7,-23.036275,top,60
D684,27.3,-23.036275,top,60
D685,25.9,-23.036275,top,60
D686,24.5,-23.036275,top,60
D687,23.1,-23.036275,top,60
D688,21.7,-23.036275,top,60
D689,20.3,-23.036275,top,60
D69,30.1,-1.212435,top,60
D690,18.9,-23.036275,top,60
D691,17.5,-23.036275,top,60
D692,16.1,-23.036275,top,60
D693,14.7,-23.036275,top,60
D694,13.3,-23.036275,top,60
D695,11.9,-23.036275,top,60
D696,10.5,-23.036275,top,60
D697,9.1,-23.036275,top,60
D698,7.7,-23.036275,top,60
D699,6.3,-23.036275,top,60
D7,8.4,0,top,60
D70,31.5,-1.212435,top,60
D700,4.9,-23.036275,top,60
D701,3.5,-23.036275,top,60
D702,2.1,-23.036275,top,60
D703,0.7,-23.036275,top,60
D704,-0.7,-23.036275,top,60
D705,-2.1,-23.036275,top,60
D706,-3.5,-23.036275,top,60
D707,-4.9,-23.036275,top,60
D708,-6.3,-23.036275,top,60
D709,-7.7,-23.036275,top,60
D71,32.9,-1.212435,top,60
D710,-9.1,-23.036275,top,60
D711,-10.5,-23.036275,top,60
D712,-11.9,-23.036275,top,60
D713,-13.3,-23.036275,top,60
D714,50.4,-21.82384,top,60
D715,49,-21.82384,top,60
D716,47.6,-21.82384,top,60
D717,46.2,-21.82384,top,60
D718,44.8,-21.82384,top,60
D719,43.4,-21.82384,top,60
D72,34.3,-1.212435,top,60
D720,42,-21.82384,top,60
D721,40.6,-21.82384,top,60
D722,39.2,-21.82384,top,60
D723,37.8,-21.82384,top,60
D724,36.4,-21.82384,top,60
D725,35,-21.82384,top,60
D726,33.6,-21.82384,top,60
D727,32.2,-21.82384,top,60
D728,30.8,-21.82384,top,60
D729,29.4,-21.82384,top,60
D73,35.7,-1.212435,top,60
D730,28,-21.82384,top,60
D731,26.6,-21.82384,top,60
D732,25.2,-21.82384,top,60
D733,23.8,-21.82384,top,60
D734,22.4,-21.82384,top,60
D735,21,-21.82384,top,60
D736,19.6,-21.82384,top,60
D737,18.2,-21.82384,top,60
D738,16.8,-21.82384,top,60
D739,15.4,-21.82384,top,60
D74,37.1,-1.212435,top,60
D740,14,-21.82384,top,60
D741,12.6,-21.82384,top,60
D742,11.2,-21.82384,top,60
D743,9.8,-21.82384,top,60
D744,8.4,-21.82384,top,60
D745,7,-21.82384,top,60
D746,5.6,-21.82384,top,60
D747,4.2,-21.82384,top,60
D748,2.8,-21.82384,top,60
D749,1.4,-21.82384,top,60
D75,38.5,-1.212435,top,60
D750,0,-21.82384,top,60
D751,-1.4,-21.82384,top,60
D752,-2.8,-21.82384,top,60
D753,-4.2,-21.82384,top,60
D754,-5.6,-21.82384,top,60
D755,-7,-21.82384,top,60
D756,-8.4,-21.82384,top,60
D757,-9.8,-21.82384,top,60
D758,-11.2,-21.82384,top,60
D759,-12.6,-21.82384,top,60
D76,39.9,-1.212435,top,60
D760,51.1,-20.611404,top,60
D761,49.7,-20.611404,top,60
D762,48.3,-20.611404,top,60
D763,46.9,-20.611404,top,60
D764,45.5,-20.611404,top,60
D765,44.1,-20.611404,top,60
D766,42.7,-20.611404,top,60
D767,41.3,-20.611404,top,60
D768,39.9,-20.611404,top,60
D769,38.5,-20.611404,top,60
D77,41.3,-1.212435,top,60
D770,37.1,-20.611404,top,60
D771,35.7,-20.611404,top,60
D772,34.3,-20.611404,top,60
D773,32.9,-20.611404,top,60
D774,31.5,-20.611404,top,60
D775,30.1,-20.611404,top,60
D776,28.7,-20.611404,top,60
D777,27.3,-20.611404,top,60
D778,25.9,-20.611404,top,60
D779,24.5,-20.611404,top,60
D78,42.7,-1.212435,top,60
D780,23.1,-20.611404,top,60
D781,21.7,-20.611404,top,60
D782,20.3,-20.611404,top,60
D783,18.9,-20.611404,top,60
D784,17.5,-20.611404,top,60
D785,16.1,-20.611404,top,60
D786,14.7,-20.611404,top,60
D787,13.3,-20.611404,top,60
D788,11.9,-20.611404,top,60
D789,10.5,-20.611404,top,60
D79,44.1,-1.212435,top,60
D790,9.1,-20.611404,top,60
D791,7.7,-20.611404,top,60
D792,6.3,-20.611404,top,60
D793,4.9,-20.611404,top,60
D794,3.5,-20.611404,top,60
D795,2.1,-20.611404,top,60
D796,0.7,-20.611404,top,60
D797,-0.7,-20.611404,top,60
D798,-2.1,-20.611404,top,60
D799,-3.5,-20.611404,top,60
D8,9.8,0,top,60
D80,45.5,-1.212435,top,60
D800,-4.9,-20.611404,top,60
D801,-6.3,-20.611404,top,60
D802,-7.7,-20.611404,top,60
D803,-9.1,-20.611404,top,60
D804,-10.5,-20.611404,top,60
D805,-11.9,-20.611404,top,60
D806,51.8,-19.398969,top,60
D807,50.4,-19.398969,top,60
D808,49,-19.398969,top,60
D809,47.6,-19.398969,top,60
D81,46.9,-1.212435,top,60
D810,46.2,-19.398969,top,60
D811,44.8,-19.398969,top,60
D812,43.4,-19.398969,top,60
D813,42,-19.398969,top,60
D814,40.6,-19.398969,top,60
D815,39.2,-19.398969,top,60
D816,37.8,-19.398969,top,60
D817,36.4,-19.398969,top,60
D818,35,-19.398969,top,60
D819,33.6,-19.398969,top,60
D82,48.3,-1.212435,top,60
D820,32.2,-19.398969,top,60
D821,30.8,-19.398969,top,60
D822,29.4,-19.398969,top,60
D823,28,-19.398969,top,60
D824,26.6,-19.398969,top,60
D825,25.2,-19.398969,top,60
D826,23.8,-19.398969,top,60
D827,22.4,-19.398969,top,60
D828,21,-19.398969,top,60
D829,19.6,-19.398969,top,60
D83,49.7,-1.212435,top,60
D830,18.2,-19.398969,top,60
D831,16.8,-19.398969,top,60
D832,15.4,-19.398969,top,60
D833,14,-19.398969,top,60
D834,12.6,-19.398969,top,60
D835,11.2,-19.398969,top,60
D836,9.8,-19.398969,top,60
D837,8.4,-19.398969,top,60
D838,7,-19.398969,top,60
D839,5.6,-19.398969,top,60
D84,51.1,-1.212435,top,60
D840,4.2,-19.398969,top,60
D841,2.8,-19.398969,top,60
D842,1.4,-19.398969,top,60
D843,0,-19.398969,top,60
D844,-1.4,-19.398969,top,60
D845,-2.8,-19.398969,top,60
D846,-4.2,-19.398969,top,60
D847,-5.6,-19.398969,top,60
D848,-7,-19.398969,top,60
D849,-8.4,-19.398969,top,60
D85,52.5,-1.212435,top,60
D850,-9.8,-19.398969,top,60
D851,-11.2,-19.398969,top,60
D852,52.5,-18.186533,top,60
D853,51.1,-18.186533,top,60
D854,49.7,-18.186533,top,60
D855,48.3,-18.186533,top,60
D856,46.9,-18.186533,top,60
D857,45.5,-18.186533,top,60
D858,44.1,-18.186533,top,60
D859,42.7,-18.186533,top,60
D86,53.9,-1.212435,top,60
D860,41.3,-18.186533,top,60
D861,39.9,-18.186533,top,60
D862,38.5,-18.186533,top,60
D863,37.1,-18.186533,top,60
D864,35.7,-18.186533,top,60
D865,34.3,-18.186533,top,60
D866,32.9,-18.186533,top,60
D867,31.5,-18.186533,top,60
D868,30.1,-18.186533,top,60
D869,28.7,-18.186533,top,60
D87,55.3,-1.212435,top,60
D870,27.3,-18.186533,top,60
D871,25.9,-18.186533,top,60
D872,24.5,-18.186533,top,60
D873,23.1,-18.186533,top,60
D874,21.7,-18.186533,top,60
D875,20.3,-18.186533,top,60
D876,18.9,-18.186533,top,60
D877,17.5,-18.186533,top,60
D878,16.1,-18.186533,top,60
D879,14.7,-18.186533,top,60
D88,56.7,-1.212435,top,60
D880,13.3,-18.186533,top,60
D881,11.9,-18.186533,top,60
D882,10.5,-18.186533,top,60
D883,9.1,-18.186533,top,60
D884,7.7,-18.186533,top,60
D885,6.3,-18.186533,top,60
D886,4.9,-18.186533,top,60
D887,3.5,-18.186533,top,60
D888,2.1,-18.186533,top,60
D889,0.7,-18.186533,top,60
D89,58.1,-1.212435,top,60
D890,-0.7,-18.186533,top,60
D891,-2.1,-18.186533,top,60
D892,-3.5,-18.186533,top,60
D893,-4.9,-18.186533,top,60
D894,-6.3,-18.186533,top,60
D895,-7.7,-18.186533,top,60
D896,-9.1,-18.186533,top,60
D897,-10.5,-18.186533,top,60
D898,53.2,-16.974097,top,60
D899,51.8,-16.974097,top,60
D9,11.2,0,top,60
D90,59.5,-1.212435,top,60
D900,50.4,-16.974097,top,60
D901,49,-16.974097,top,60
D902,47.6,-16.974097,top,60
D903,46.2,-16.974097,top,60
D904,44.8,-16.974097,top,60
D905,43.4,-16.974097,top,60
D906,42,-16.974097,top,60
D907,40.6,-16.974097,top,60
D908,39.2,-16.974097,top,60
D909,37.8,-16.974097,top,60
D91,60.9,-1.212435,top,60
D910,36.4,-16.974097,top,60
D911,35,-16.974097,top,60
D912,33.6,-16.974097,top,60
D913,32.2,-16.974097,top,60
D914,30.8,-16.974097,top,60
D915,29.4,-16.974097,top,60
D916,28,-16.974097,top,60
D917,26.6,-16.974097,top,60
D918,25.2,-16.974097,top,60
D919,23.8,-16.974097,top,60
D92,62.3,-1.212435,top,60
D920,22.4,-16.974097,top,60
D921,21,-16.974097,top,60
D922,19.6,-16.974097,top,60
D923,18.2,-16.974097,top,60
D924,16.8,-16.974097,top,60
D925,15.4,-16.974097,top,60
D926,14,-16.974097,top,60
D927,12.6,-16.974097,top,60
D928,11.2,-16.974097,top,60
D929,9.8,-16.974097,top,60
D93,-1.4,-2.424871,top,60
D930,8.4,-16.974097,top,60
D931,7,-16.974097,top,60
D932,5.6,-16.974097,top,60
D933,4.2,-16.974097,top,60
D934,2.8,-16.974097,top,60
D935,1.4,-16.974097,top,60
D936,0,-16.974097,top,60
D937,-1.4,-16.974097,top,60
D938,-2.8,-16.974097,top,60
D939,-4.2,-16.974097,top,60
D94,0,-2.424871,top,60
D940,-5.6,-16.974097,top,60
D941,-7,-16.974097,top,60
D942,-8.4,-16.974097,top,60
D943,-9.8,-16.974097,top,60
D944,53.9,-15.761662,top,60
D945,52.5,-15.761662,top,60
D946,51.1,-15.761662,top,60
D947,49.7,-15.761662,top,60
D948,48.3,-15.761662,top,60
D949,46.9,-15.761662,top,60
D95,1.4,-2.424871,top,60
D950,45.5,-15.761662,top,60
D951,44.1,-15.761662,top,60
D952,42.7,-15.761662,top,60
D953,41.3,-15.761662,top,60
D954,39.9,-15.761662,top,60
D955,38.5,-15.761662,top,60
D956,37.1,-15.761662,top,60
D957,35.7,-15.761662,top,60
D958,34.3,-15.761662,top,60
D959,32.9,-15.761662,top,60
D96,2.8,-2.424871,top,60
D960,31.5,-15.761662,top,60
D961,30.1,-15.761662,top,60
D962,28.7,-15.761662,top,60
D963,27.3,-15.761662,top,60
D964,25.9,-15.761662,top,60
D965,24.5,-15.761662,top,60
D966,23.1,-15.761662,top,60
D967,21.7,-15.761662,top,60
D968,20.3,-15.761662,top,60
D969,18.9,-15.761662,top,60
D97,4.2,-2.424871,top,60
D970,17.5,-15.761662,top,60
D971,16.1,-15.761662,top,60
D972,14.7,-15.761662,top,60
D973,13.3,-15.761662,top,60
D974,11.9,-15.761662,top,60
D975,10.5,-15.761662,top,60
D976,9.1,-15.761662,top,60
D977,7.7,-15.761662,top,60
D978,6.3,-15.761662,top,60
D979,4.9,-15.761662,top,60
D98,5.6,-2.424871,top,60
D980,3.5,-15.761662,top,60
D981,2.1,-15.761662,top,60
D982,0.7,-15.761662,top,60
D983,-0.7,-15.761662,top,60
D984,-2.1,-15.761662,top,60
D985,-3.5,-15.761662,top,60
D986,-4.9,-15.761662,top,60
D987,-6.3,-15.761662,top,60
D988,-7.7,-15.761662,top,60
D989,-9.1,-15.761662,top,60
D99,7,-2.424871,top,60
D990,54.6,-14.549226,top,60
D991,53.2,-14.549226,top,60
D992,51.8,-14.549226,top,60
D993,50.4,-14.549226,top,60
D994,49,-14.549226,top,60
D995,47.6,-14.549226,top,60
D996,46.2,-14.549226,top,60
D997,44.8,-14.549226,top,60
D998,43.4,-14.549226,top,60
D999,42,-14.549226,top,60
J1,47.283409,-46.860148,bottom,210
